install-gui (0.13.41) UNRELEASED; urgency=medium

  * NOT RELEASED YET

 -- Stefan Lippers-Hollmann <s.l-h@gmx.de>  Fri, 29 Jul 2016 21:24:51 +0200

install-gui (0.13.40) unstable; urgency=medium

  * use /usr/share/fll-live-initscipts/fll_locales instead of old initscript.

 -- Niall Walsh <niallwalsh@celtux.org>  Fri, 29 Jul 2016 18:55:38 +0100

install-gui (0.13.39) unstable; urgency=medium

  * use parallel building.
  * apply the CTTE decision and remove support for the obsolete "Debian Menu
    System" (#741573).

 -- Stefan Lippers-Hollmann <s.l-h@gmx.de>  Wed, 02 Sep 2015 20:24:56 +0200

install-gui (0.13.38) unstable; urgency=medium

  * rebuild with gcc-5.

 -- Stefan Lippers-Hollmann <s.l-h@gmx.de>  Fri, 31 Jul 2015 23:45:43 +0200

install-gui (0.13.37) unstable; urgency=medium

  * switch to httpredir.debian.org as official GeoMirror.

 -- Stefan Lippers-Hollmann <s.l-h@gmx.de>  Mon, 11 May 2015 23:19:30 +0200

install-gui (0.13.36) unstable; urgency=medium

  * don't offer /usr/ as separate partition, it's broken for ages.

 -- Stefan Lippers-Hollmann <s.l-h@gmx.de>  Sat, 21 Feb 2015 20:32:51 +0100

install-gui (0.13.35) unstable; urgency=medium

  * remote empty line in credits section, this might be able to avoid
    scrolling.

 -- Stefan Lippers-Hollmann <s.l-h@gmx.de>  Sun, 04 Jan 2015 03:31:55 +0100

install-gui (0.13.34) unstable; urgency=medium

  * move install-gui manpage into section 8.

 -- Stefan Lippers-Hollmann <s.l-h@gmx.de>  Sun, 04 Jan 2015 01:48:33 +0100

install-gui (0.13.33) unstable; urgency=medium

  * drop versioned dependencies on udev and util-linux, they're met by stable.

 -- Stefan Lippers-Hollmann <s.l-h@gmx.de>  Sun, 04 Jan 2015 01:40:39 +0100

install-gui (0.13.32) unstable; urgency=medium

  * update debian/copyright.

 -- Stefan Lippers-Hollmann <s.l-h@gmx.de>  Sat, 03 Jan 2015 23:50:41 +0100

install-gui (0.13.31) unstable; urgency=medium

  * bump standards version to 3.9.6, no changes necessary.
  * debian/copyright: fix syntax.
  * remove icons for install-usb-gui.
  * add a simple manpage.

 -- Stefan Lippers-Hollmann <s.l-h@gmx.de>  Sat, 03 Jan 2015 23:41:35 +0100

install-gui (0.13.30) unstable; urgency=medium

  * import inetconn into fll-installer-common, adapt the packaging accordingly.

 -- Stefan Lippers-Hollmann <s.l-h@gmx.de>  Sat, 03 Jan 2015 04:42:17 +0100

install-gui (0.13.29) unstable; urgency=medium

  * switch to http.debian.net as GeoMirror.

 -- Stefan Lippers-Hollmann <s.l-h@gmx.de>  Thu, 25 Dec 2014 23:54:35 +0100

install-gui (0.13.28) unstable; urgency=medium

  * move temporary files used by the installer to /run/install-gui/.

 -- Stefan Lippers-Hollmann <s.l-h@gmx.de>  Mon, 03 Nov 2014 00:37:34 +0100

install-gui (0.13.27) unstable; urgency=medium

  * bring back parts setting from fdisk in scripts/disk -p as needed.

 -- Niall Walsh <niallwalsh@celtux.org>  Wed, 08 Oct 2014 21:58:50 +0100

install-gui (0.13.26) unstable; urgency=medium

  * fdisk output for gpt disks has changed so update scripts/disk.

 -- Niall Walsh <niallwalsh@celtux.org>  Wed, 08 Oct 2014 19:15:35 +0100

install-gui (0.13.25) unstable; urgency=medium

  * fix bug in final test of parameter_i
  * use new fll_disk_usb and fll_disk_isusb
  * drop partition as an option for boot, grub2 detests it

 -- Niall Walsh <niallwalsh@celtux.org>  Wed, 17 Sep 2014 22:54:59 +0100

install-gui (0.13.24) unstable; urgency=medium

  * re-write the tz button callback shell to block so wideget updates.

 -- Niall Walsh <niallwalsh@celtux.org>  Sun, 14 Sep 2014 13:29:50 +0100

install-gui (0.13.23) unstable; urgency=medium

  * have script/disk use the fll-installers disk.bm for device lookup.

 -- Niall Walsh <niallwalsh@celtux.org>  Fri, 12 Sep 2014 21:30:17 +0100

install-gui (0.13.22) unstable; urgency=medium

  * remove the bootdisk checkbox and BOOT_DISK from install file.

 -- Niall Walsh <niallwalsh@celtux.org>  Fri, 05 Sep 2014 02:27:07 +0100

install-gui (0.13.21) unstable; urgency=medium

  * fix real name variable (nname) and actually allow the reserved 80
    characters, rather than crashing after 21 characters.
  * dash is allowed in real names, except as the first character.

 -- Stefan Lippers-Hollmann <s.l-h@gmx.de>  Mon, 01 Sep 2014 05:26:37 +0200

install-gui (0.13.20) unstable; urgency=medium

  * do not let usb installs be efi.

 -- Niall Walsh <niallwalsh@celtux.org>  Sat, 30 Aug 2014 22:20:35 +0100

install-gui (0.13.19) unstable; urgency=medium

  * add -i option to script/disk to give the one disk a device is on.
  * default usb installs to it's own disk NOT partition.

 -- Niall Walsh <niallwalsh@celtux.org>  Fri, 29 Aug 2014 20:52:19 +0100

install-gui (0.13.18) unstable; urgency=medium

  * drop the install-usb-gui button and image from the first tab.

 -- Niall Walsh <niallwalsh@celtux.org>  Thu, 28 Aug 2014 23:32:57 +0100

install-gui (0.13.17) unstable; urgency=medium

  * stop recommending install-usb-gui.

 -- Stefan Lippers-Hollmann <s.l-h@gmx.de>  Tue, 12 Aug 2014 23:32:23 +0200

install-gui (0.13.16) unstable; urgency=medium

  * rebuild with gcc-4.9.

 -- Stefan Lippers-Hollmann <s.l-h@gmx.de>  Thu, 12 Jun 2014 02:59:14 +0200

install-gui (0.13.15) unstable; urgency=medium

  * debian/control: switch Vcs tags to github.
  * refresh icons.

 -- Stefan Lippers-Hollmann <s.l-h@gmx.de>  Sun, 13 Apr 2014 23:17:17 +0200

install-gui (0.13.14) unstable; urgency=low

  [ Roland Engert ]
  * improve the russian translation 

 -- Stefan Lippers-Hollmann <s.l-h@gmx.de>  Thu, 23 Jan 2014 22:19:56 +0100

install-gui (0.13.13) unstable; urgency=low

  [ Roland Engert ]
  * update russian translation.

  [ Stefan Lippers-Hollmann ]
  * bump standards version to 3.9.5, no changes necessary.
  * make lintian a little happier by adding keywords to the XDG desktop files
    (desktop-entry-lacks-keywords-entry).

 -- Stefan Lippers-Hollmann <s.l-h@gmx.de>  Wed, 15 Jan 2014 03:07:06 +0100

install-gui (0.13.12) unstable; urgency=low

  * rebuild with gcc-4.8.

 -- Stefan Lippers-Hollmann <s.l-h@gmx.de>  Thu, 13 Jun 2013 19:15:11 +0200

install-gui (0.13.11) unstable; urgency=low

  * remove /dev/hdXY nomenclature from examples.
  * signify that ext4 is default for a while.
  * drop experimental label from HD_MAP, it's in use for ages.

 -- Stefan Lippers-Hollmann <s.l-h@gmx.de>  Fri, 03 May 2013 00:31:31 +0200

install-gui (0.13.10) unstable; urgency=low

  * use dh9 based hardening.

 -- Stefan Lippers-Hollmann <s.l-h@gmx.de>  Wed, 16 Jan 2013 22:57:49 +0100

install-gui (0.13.9) unstable; urgency=low

  * update FSF postal address to be URLs.

 -- Stefan Lippers-Hollmann <s.l-h@gmx.de>  Sat, 12 Jan 2013 03:45:34 +0100

install-gui (0.13.8) unstable; urgency=low

  * bump standards version to 3.9.4, no changes necessary.
  * update FSF postal address to be URLs.

 -- Stefan Lippers-Hollmann <s.l-h@gmx.de>  Sat, 12 Jan 2013 03:08:55 +0100

install-gui (0.13.7) unstable; urgency=low

  * appease lintian, a bit more:
    - W: hardening-no-relro usr/bin/install-gui
    - W: comma-separated-files-in-dep5-copyright paragraph at line 24

 -- Stefan Lippers-Hollmann <s.l-h@gmx.de>  Wed, 09 Jan 2013 17:40:27 +0100

install-gui (0.13.6) unstable; urgency=low

  [ Niall Walsh ]
  * Mention efi as possible value for BOOT_WHERE in .sidconf (thanks DonKult).

  [ Stefan Lippers-Hollmann ]
  * update copyrights and uploaders.

 -- Stefan Lippers-Hollmann <s.l-h@gmx.de>  Wed, 10 Oct 2012 03:30:47 +0200

install-gui (0.13.5) unstable; urgency=low

  * add ukrainian translation.
  * update debian/copyright to dep-5.

 -- Stefan Lippers-Hollmann <s.l-h@gmx.de>  Wed, 10 Oct 2012 03:30:23 +0200

install-gui (0.13.4) unstable; urgency=low

  * rebuild with gcc-4.7.

 -- Stefan Lippers-Hollmann <s.l-h@gmx.de>  Tue, 08 May 2012 00:14:24 +0200

install-gui (0.13.3) unstable; urgency=low

  * when GPT is present the partition list only got the endname and the
    install-gui could not do anything with it (the whole partition name
    is used there).
    stderr messages from fdisk and gdisk send to /dev/null to make it 
    easier to read the output when testing.

 -- Joaquim Boura <x-un-i@sapo.pt>  Sun, 26 Feb 2012 14:28:57 +0100

install-gui (0.13.2) unstable; urgency=low

  * bump standards version to 3.9.3, no changes necessary.

 -- Stefan Lippers-Hollmann <s.l-h@gmx.de>  Thu, 23 Feb 2012 16:43:04 +0100

install-gui (0.13.1) unstable; urgency=low

  * more scripts/disk changes, allow any /dev device name from fdisk

 -- Niall Walsh <niallwalsh@users.berlios.de>  Tue, 21 Feb 2012 22:18:16 +0000

install-gui (0.13.0) unstable; urgency=low

  * switch from vol_id/ udev compatibility mode to native blkid invocations,
    as these are deprecated in util-linux >= 2.21.

  [ Niall Walsh ]
  * fixup scripts/disk to report lvm and norm partitions with the same format

 -- Niall Walsh <niallwalsh@users.berlios.de>  Thu, 19 Jan 2012 20:37:54 +0000

install-gui (0.12.8) unstable; urgency=low

  * update icons.

 -- Stefan Lippers-Hollmann <s.l-h@gmx.de>  Mon, 16 Jan 2012 03:43:27 +0100

install-gui (0.12.7) unstable; urgency=low

  * switch to compat level 9.

 -- Stefan Lippers-Hollmann <s.l-h@gmx.de>  Mon, 16 Jan 2012 01:39:49 +0100

install-gui (0.12.6) unstable; urgency=low

  * more strings not present on the translated file -:(

 -- Joaquim Boura <x-un-i@sapo.pt>  Wed, 28 Dec 2011 17:08:36 +0100

install-gui (0.12.5) unstable; urgency=low

  * fixed string - it was showing always in en...

 -- Joaquim Boura <x-un-i@sapo.pt>  Wed, 28 Dec 2011 13:53:18 +0100

install-gui (0.12.4) unstable; urgency=low

  * added ukrainian language file thks to Roen/polix
  * po file was not added.
  * fixing ru language. thks polix
  * string was missing the size/type modifiers

 -- Joaquim Boura <x-un-i@sapo.pt>  Tue, 27 Dec 2011 16:21:54 +0100

install-gui (0.12.3) unstable; urgency=low

  * link with --as-needed.

 -- Stefan Lippers-Hollmann <s.l-h@gmx.de>  Wed, 30 Nov 2011 22:43:10 +0100

install-gui (0.12.2) unstable; urgency=low

  [ Joaquim Boura ]
  * when booted in efi mode grub goes to efi.

  [ Niall Walsh ]
  * efi when not usb (still needs to check for efi sys partition).

 -- Niall Walsh <niallwalsh@users.berlios.de>  Fri, 23 Sep 2011 17:59:36 +0100

install-gui (0.12.1) unstable; urgency=low

  * um_all: fix FllMount and FllDev handling (thanks x-un-i for spotting it).
  * um_all: only do fuser -k on /fll/hdinstall if it exists (thanks x-un-i).

 -- Niall Walsh <niallwalsh@users.berlios.de>  Sun, 19 Jun 2011 11:22:06 +0100

install-gui (0.12.0) unstable; urgency=low

  * Make scripts/disk use gdisk to find GPT partitions (add gdisk to depends).

 -- Niall Walsh <niallwalsh@users.berlios.de>  Sun, 12 Jun 2011 18:17:50 +0100

install-gui (0.11.12) unstable; urgency=low

  * rebuild with gcc-4.6.

 -- Stefan Lippers-Hollmann <s.l-h@gmx.de>  Sun, 01 May 2011 00:37:30 +0200

install-gui (0.11.11) unstable; urgency=low

  * bump standards version to 3.9.2, no changes necessary.
  * update eMail addresses.

 -- Stefan Lippers-Hollmann <s.l-h@gmx.de>  Fri, 29 Apr 2011 04:45:33 +0200

install-gui (0.11.10) unstable; urgency=low

  * update sponsor credits.

 -- Stefan Lippers-Hollmann <s.l-h@gmx.de>  Sat, 26 Feb 2011 18:07:06 +0100

install-gui (0.11.9) unstable; urgency=low

  [ Joaquim Boura ]
  * automount vodoo is not needed if we use /mnt/hdinstall when we are going
    to install.xfce/kde/gnome only react to mounts under /media.
    Suggestion from convbsd aka Angelescu Ovidiu <mrhsaacdoh@gmail.com>

  [ Stefan Lippers-Hollmann ]
  * actually point install-gui to /fll/hdinstall, synchronizing it with the
    previous fll-installer changes and the missing aforementioned modification.

 -- Stefan Lippers-Hollmann <s.l-h@gmx.de>  Thu, 20 Jan 2011 02:31:47 +0100

install-gui (0.11.8) unstable; urgency=low

  * Fixed three typos on the displayed text. Thks to tjtag

 -- Joaquim Boura <x-un-i@berlios.de>  Sun, 21 Nov 2010 16:33:01 +0100

install-gui (0.11.7) unstable; urgency=low

  * ignore the dev/mapper partition where the live is

 -- Joaquim Boura <x-un-i@berlios.de>  Fri, 19 Nov 2010 17:49:54 +0100

install-gui (0.11.6) unstable; urgency=low

  * make um_all ignore the FLL_MOUNTPOINT device

 -- Niall Walsh <niallwalsh@users.berlios.de>  Wed, 20 Oct 2010 17:50:53 +0100

install-gui (0.11.5) unstable; urgency=low

  * fix hjt's mail address.

 -- Stefan Lippers-Hollmann <s.l-h@gmx.de>  Wed, 06 Oct 2010 16:47:17 +0200

install-gui (0.11.4) unstable; urgency=low

  * fix x-un-i's mail address.

 -- Stefan Lippers-Hollmann <s.l-h@gmx.de>  Wed, 06 Oct 2010 14:53:47 +0200

install-gui (0.11.3) unstable; urgency=medium

  * use cdn.debian.net for non-free additions.

 -- Stefan Lippers-Hollmann <s.l-h@gmx.de>  Wed, 15 Sep 2010 18:50:53 +0200

install-gui (0.11.2) unstable; urgency=medium

  * simplify non-free backend.
  * avoid clobbering of /etc/sources.list.d/*.

 -- Stefan Lippers-Hollmann <s.l-h@gmx.de>  Wed, 15 Sep 2010 18:48:11 +0200

install-gui (0.11.1) unstable; urgency=low

  * update icons from detaos.

 -- Stefan Lippers-Hollmann <s.l-h@gmx.de>  Thu, 09 Sep 2010 04:23:26 +0200

install-gui (0.11.0) unstable; urgency=low

  * adapt for aptosid.

 -- Stefan Lippers-Hollmann <s.l-h@gmx.de>  Sun, 29 Aug 2010 20:17:08 +0200

install-gui (0.10.5) unstable; urgency=low

  * s/sidux-scripts/aptosid-scripts/g

 -- Stefan Lippers-Hollmann <s.l-h@gmx.de>  Sun, 29 Aug 2010 04:15:20 +0200

install-gui (0.10.4) unstable; urgency=low

  * switch to compat level 8.

 -- Stefan Lippers-Hollmann <s.l-h@gmx.de>  Sun, 08 Aug 2010 04:36:41 +0200

install-gui (0.10.3) unstable; urgency=low

  * elaborate long description a bit further, to make lintian happy.

 -- Stefan Lippers-Hollmann <s.l-h@gmx.de>  Tue, 03 Aug 2010 21:06:26 +0200

install-gui (0.10.2) unstable; urgency=low

  * bump standards version to 3.9.1, no changes necessary.
  * regenerate icons.

 -- Stefan Lippers-Hollmann <s.l-h@gmx.de>  Tue, 03 Aug 2010 20:57:04 +0200

install-gui (0.10.1) unstable; urgency=low

  [ Niall Walsh ]
  * call partitionmanager with no arguments (it will not accept the disk)

  [ Joaquim Boura ]
  * we need dev on the device line

 -- Niall Walsh <niallwalsh@users.berlios.de>  Wed, 26 May 2010 18:30:17 +0100

install-gui (0.10.0) unstable; urgency=low

  * introduce minimal AUTHORS, NEWS, README files.
  * allow partitionmanager as alternative to gparted.

 -- Stefan Lippers-Hollmann <s.l-h@gmx.de>  Sun, 02 May 2010 13:51:48 +0200

install-gui (0.9.1) unstable; urgency=low

  * revert "use parted instead of fdisk for enumerating volumes, this adds
    support for GPT; thanks to ffws", it breaks on /dev/srX.
  * bail out, if /sys/devices/virtual/dmi/id/board_name doesn't exist.
  * update copyrights.

 -- Stefan Lippers-Hollmann <s.l-h@gmx.de>  Tue, 06 Apr 2010 15:06:09 +0200

install-gui (0.9.0) unstable; urgency=low

  [ Nikolas Poniros ]
  * add code to make sure that the passwords do not start
    with a minus (-). Needed because of mkpasswd limitation
  * remove fix from last commit. It is useless
  * add code stop the user from proceding with the installation
    if the real name contains characters which are not allowed

  [ Stefan Lippers-Hollmann ]
  * use parted instead of fdisk for enumerating volumes, this adds support for
    GPT; thanks to ffws.
  * switch to dpkg-source 3.0 (native) format.
  * bump standards version to 3.8.4, no changes necessary.
  * switch to dh7.
  * compact packaging.
  * drop obsolete conflicts.
  * update created icon set.

 -- Stefan Lippers-Hollmann <s.l-h@gmx.de>  Tue, 06 Apr 2010 00:22:35 +0200

install-gui (0.8.12) unstable; urgency=low

  * if '-' is the first char of a password we need 2 \ to properly
    escape it

 -- Nikolas Poniros <edhunter@users.berlios.de>  Sat, 13 Mar 2010 14:06:14 +0100

install-gui (0.8.11) unstable; urgency=low

  * fll-installer-common should recommend install-gui, not
    install-usb-gui.

 -- Nikolas Poniros <edhunter@users.berlios.de>  Fri, 15 Jan 2010 20:38:21 +0100

install-gui (0.8.10) unstable; urgency=low

  * split the package so the shell scripts can also be used by other
    installer frontends.
    Renamed some scripts to get them all without extension.
    Inserted copyright header on all scripts (took from svn check-in log)
    Set tu-bs as default sidux repository in the nonfree script.
  * fll-installer-common.install was not checked in

 -- Joaquim Boura <x-un-i@berlios.de>  Tue, 05 Jan 2010 18:13:37 +0100

install-gui (0.8.9) unstable; urgency=low

  [ Bernard Gray ]
  * fix copyright for all image files (thanks edhunter)
  * include complete list of files containing elements from oxyen theme

  [ Joaquim Boura ]
  * actualized the debian/copyright file with all bits.

  [ Nikolas Poniros ]
  * if root partition is lvm check removed. it is not needed with grub2

 -- Nikolas Poniros <edhunter@users.berlios.de>  Wed, 16 Dec 2009 20:48:21 +0100

install-gui (0.8.8) unstable; urgency=low

  * rebuild with gcc-4.4.

 -- Stefan Lippers-Hollmann <s.l-h@gmx.de>  Tue, 08 Dec 2009 18:51:30 +0100

install-gui (0.8.7) unstable; urgency=low

  * now grub2 is king, we can select ext4 as default.

 -- Stefan Lippers-Hollmann <s.l-h@gmx.de>  Thu, 26 Nov 2009 12:22:53 +0100

install-gui (0.8.6) unstable; urgency=low

  * do not list vg or encrypted partitions as disks
    (thanks edhunter for noticing).

 -- Joaquim Boura <x-un-i@berlios.de>  Wed, 25 Nov 2009 22:41:07 +0100

install-gui (0.8.5) unstable; urgency=low

  * enhancements to support listing of encrypted partitions (thks edhunter)

 -- Joaquim Boura <x-un-i@berlios.de>  Fri, 13 Nov 2009 18:55:17 +0100

install-gui (0.8.4) unstable; urgency=low

  * updated lang fr (merci, LjanA).

 -- Joaquim Boura <x-un-i@berlios.de>  Tue, 03 Nov 2009 20:33:30 +0100

install-gui (0.8.3) unstable; urgency=low

  * assume interims maintenance.

 -- Stefan Lippers-Hollmann <s.l-h@gmx.de>  Sun, 01 Nov 2009 13:41:21 +0100

install-gui (0.8.2) unstable; urgency=low

  * um_all.sh uses fuser from psmisc. added to the depends

 -- Joaquim Boura <x-un-i@berlios.de>  Sun, 18 Oct 2009 22:48:16 +0200

install-gui (0.8.1) unstable; urgency=low

  * mark lines for lvm volumes as lvm not norm on the -p output

 -- Joaquim Boura <x-un-i@berlios.de>  Sun, 11 Oct 2009 20:37:02 +0200

install-gui (0.8.0) unstable; urgency=low

  [ Joaquim Boura ]
  * rewrite scripts/disk.py, depending on python-volumeid which depends on
    the no longer existing libvolume-id-dev, in plain POSIX shell and udev/
    blkid.

  [ Stefan Lippers-Hollmann ]
  * mv scripts/disk.py.ersatz.sh scripts/disk.
  * use /usr/share/install-gui/disk instead of disk.py.
  * drop python and python-volumeid from depends.
  * bump standards version to 3.8.3, no changes necessary.

 -- Stefan Lippers-Hollmann <s.l-h@gmx.de>  Sun, 11 Oct 2009 17:50:29 +0200

install-gui (0.7.10) unstable; urgency=low

  * forgotten udevinfo replaced by udevadm info.( thks edhunter for noticing)
    hal-lock is not launching fdisk. use plain calls (thks Steve for noticing)

 -- Joaquim Boura <x-un-i@berlios.de>  Mon, 13 Jul 2009 18:28:25 +0200

install-gui (0.7.9) unstable; urgency=low

  * remove obsolete install-meta remains.

 -- Stefan Lippers-Hollmann <s.l-h@gmx.de>  Sat, 11 Jul 2009 13:59:38 +0200

install-gui (0.7.8) unstable; urgency=low

  [ Bernard Gray ]
  * update art for 2009-02
  * remove install-gui.svg from debian/install (doesn't render correctly in kde)
  * convert all bitmaps to new svg art
  * update copyright for new art
  * vacuum defs on icon svg
  * vacuum defs on the rest of the icons

  [ Stefan Lippers-Hollmann ]
  * generate binary artwork.

 -- Stefan Lippers-Hollmann <s.l-h@gmx.de>  Thu, 02 Jul 2009 23:13:56 +0200

install-gui (0.7.7) unstable; urgency=low

  [ Joaquim Boura ]
  * udevsettle, udevinfo does not exist anymore
  * changed call of hal-lock to fdisk/cfdisk wrapper as gparted  has it already

  [ Stefan Lippers-Hollmann ]
  * add the appropriate versioned dependency on udev 0.141.

 -- Stefan Lippers-Hollmann <s.l-h@gmx.de>  Thu, 25 Jun 2009 19:23:05 +0200

install-gui (0.7.6) unstable; urgency=low

  * syntax fix.

 -- Stefan Lippers-Hollmann <s.l-h@gmx.de>  Mon, 22 Jun 2009 14:20:15 +0200

install-gui (0.7.5) unstable; urgency=low

  * remove deprecated dh_desktop call.

 -- Stefan Lippers-Hollmann <s.l-h@gmx.de>  Mon, 22 Jun 2009 14:01:39 +0200

install-gui (0.7.4) unstable; urgency=low

  * bump standards version to 3.8.2, no changes necessary.
  * wrap control stanzas.
  * warn users of the Intel D945GCLF2 mainboard about their special needs.

 -- Stefan Lippers-Hollmann <s.l-h@gmx.de>  Mon, 22 Jun 2009 13:56:06 +0200

install-gui (0.7.3) unstable; urgency=low

  * updated greek language file (thks edhunter)

 -- Joaquim Boura <x-un-i@berlios.de>  Tue, 28 Apr 2009 20:39:31 +0200

install-gui (0.7.2) unstable; urgency=low

  * remove obsolete encoding setting in freedesktop .desktop files.

 -- Stefan Lippers-Hollmann <s.l-h@gmx.de>  Fri, 20 Feb 2009 13:44:47 +0100

install-gui (0.7.1) unstable; urgency=low

  * src/callbacks.c:
    - Call mkpasswd with SHA-256 for hashing.

 -- Michael Deelwater <michael.deelwater@googlemail.com>  Tue, 17 Feb 2009 22:05:53 +0100

install-gui (0.7.0) unstable; urgency=low

  * allow ext4.

 -- Stefan Lippers-Hollmann <s.l-h@gmx.de>  Tue, 17 Feb 2009 19:52:04 +0100

install-gui (0.6.67) unstable; urgency=low

  * scripts/um_all.sh:
    - Before umounting, kill processes using /media/hdinstall. fll-installer
      and rsync happen to continue if install-gui crashed.

 -- Michael Deelwater <michael.deelwater@googlemail.com>  Mon, 09 Feb 2009 18:51:09 +0100

install-gui (0.6.66) unstable; urgency=low

  * switch from dh_clean -k to dh_prep, to become compliant with debhelper 7
    and to make lintian happy.

 -- Stefan Lippers-Hollmann <s.l-h@gmx.de>  Tue, 27 Jan 2009 17:43:22 +0100

install-gui (0.6.65) unstable; urgency=low

  [ slam ]
  * Non-maintainer upload.
  * added Greek .po file

  [ Horst Tritremmel ]
  * do not umount /fll/persist in um_all.sh
  * Release notes updated

 -- Horst Tritremmel <hjt@users.berlios.de>  Wed, 17 Dec 2008 20:41:02 +0100

install-gui (0.6.64) unstable; urgency=low

  [ Michael Deelwater ]
  * callbacks.c:
    - Fix gchararray initialization warning.

  [ Horst Tritremmel ]
  * - Fix the icon in button_install_now/install_window

 -- Horst Tritremmel <hjt@users.berlios.de>  Wed, 26 Nov 2008 15:42:23 +0100

install-gui (0.6.63) unstable; urgency=low

  * Do not let sed create backups of files containing password hashes (with sed
    -ie).

 -- Michael Deelwater <michael.deelwater@googlemail.com>  Tue, 18 Nov 2008 22:44:06 +0100

install-gui (0.6.62) unstable; urgency=low

  * fix the code concerning fromiso to skip umount e device.

 -- Joaquim Boura <x-un-i@berlios.de>  Sat, 15 Nov 2008 14:28:14 +0100

install-gui (0.6.61) unstable; urgency=low

  * When fromiso is running skip the device where the fromiso is installed.
    This can be dangerous for the user but we don't have other chance -:(

 -- Joaquim Boura <x-un-i@berlios.de>  Fri, 14 Nov 2008 20:33:35 +0100

install-gui (0.6.60) unstable; urgency=low

  * install-gui/src/callbacks.c:
    - If a separate /home is requested, test if there is a directory named
      username on that partition, which would conflict with the new user.
    - Add script check_existing_home.sh, which performs the (u)mounting.

 -- Michael Deelwater <michael.deelwater@googlemail.com>  Sat, 08 Nov 2008 18:00:50 +0100

install-gui (0.6.59) unstable; urgency=low

  * swapoff in mount_check removed

 -- Horst Tritremmel <hjt@users.berlios.de>  Mon, 20 Oct 2008 21:30:07 +0200

install-gui (0.6.58) unstable; urgency=low

  * fixed handling of swap partitions
    activate all swap partitions after partition is done
  * disable/enable swaps on the automount popup disabler/enabler

 -- Joaquim Boura <x-un-i@berlios.de>  Mon, 13 Oct 2008 23:22:11 +0200

install-gui (0.6.57) unstable; urgency=low

  * um_all bugfix

 -- Horst Tritremmel <hjt@users.berlios.de>  Mon, 13 Oct 2008 22:13:53 +0200

install-gui (0.6.56) unstable; urgency=low

  [ Joaquim Boura ]
  * enhanced um_all.sh script to list/umount partitions
  * use mount instead of fstab
  * also take care of squashfs and iso9660

  [ Horst Tritremmel ]
  * um_all.sh in callbacks.c added
  * um_all* added to debian/install

 -- Horst Tritremmel <hjt@users.berlios.de>  Mon, 13 Oct 2008 21:22:33 +0200

install-gui (0.6.55) unstable; urgency=low

  * added script to umount all partitions before installing

 -- Joaquim Boura <x-un-i@berlios.de>  Wed, 08 Oct 2008 00:07:38 +0200

install-gui (0.6.54) unstable; urgency=low

  * enhanced list of forbidden chracters in longname

 -- Joaquim Boura <x-un-i@berlios.de>  Tue, 07 Oct 2008 18:19:46 +0200

install-gui (0.6.53) unstable; urgency=low

  * filter bad characters in real user name
    variable NAME_NAME must be written without any quotes!!
  * dropped last quote from NAME_NAME

 -- Joaquim Boura <x-un-i@berlios.de>  Mon, 06 Oct 2008 21:29:08 +0200

install-gui (0.6.52) unstable; urgency=low

  * function to escape special shell chars in passwords

 -- Joaquim Boura <x-un-i@berlios.de>  Sun, 28 Sep 2008 19:21:41 +0200

install-gui (0.6.51) unstable; urgency=low

  * small text fix

 -- Horst Tritremmel <hjt@users.berlios.de>  Mon, 22 Sep 2008 19:22:42 +0200

install-gui (0.6.50) unstable; urgency=low

  * on the final page, installation text changed
  * Release notes updated

 -- Horst Tritremmel <hjt@users.berlios.de>  Mon, 22 Sep 2008 18:55:43 +0200

install-gui (0.6.49) unstable; urgency=low

  * update russian translations, thanks to RoEn.

 -- Stefan Lippers-Hollmann <s.l-h@gmx.de>  Sun, 21 Sep 2008 17:53:47 +0200

install-gui (0.6.48) unstable; urgency=low

  * modify install-gui to display better for tiny fluxbox menu item

 -- Bernard Gray <bernard.gray@gmail.com>  Fri, 19 Sep 2008 21:20:54 +1000

install-gui (0.6.47) unstable; urgency=low

  * larger size for some widgets

 -- Horst Tritremmel <hjt@users.berlios.de>  Wed, 17 Sep 2008 20:12:38 +0200

install-gui (0.6.46) unstable; urgency=low

  [ Bernard Gray ]
  * update install-gui icon svg - slight mods to help it display better at low
    res
    - also vacuum deps

  [ Horst Tritremmel ]
  * hide service cups

  [ Stefan Lippers-Hollmann ]
  * fix icons for Debian menu system.

 -- Stefan Lippers-Hollmann <s.l-h@gmx.de>  Wed, 17 Sep 2008 00:15:01 +0200

install-gui (0.6.45) unstable; urgency=low

  * mv icons/pixmaps.install-gui/* to usr/share/install-gui/pixmaps/

 -- Horst Tritremmel <hjt@users.berlios.de>  Sun, 14 Sep 2008 21:26:31 +0200

install-gui (0.6.44) unstable; urgency=low

  * udevtrigger doesnot exist anymore

 -- Joaquim Boura <x-un-i@berlios.de>  Sun, 14 Sep 2008 11:28:40 +0200

install-gui (0.6.43) unstable; urgency=low

  * fix typo, seperate --> separate, thanks to etorix.

 -- Stefan Lippers-Hollmann <s.l-h@gmx.de>  Sun, 14 Sep 2008 03:00:08 +0200

install-gui (0.6.42) unstable; urgency=low

  * A-Z not allowed in username

 -- Horst Tritremmel <hjt@users.berlios.de>  Fri, 08 Aug 2008 08:16:53 +0200

install-gui (0.6.41) unstable; urgency=low

  * allow only A-Za-z0-9.- in username

 -- Horst Tritremmel <hjt@users.berlios.de>  Wed, 06 Aug 2008 10:21:15 +0200

install-gui (0.6.40) unstable; urgency=low

  [ Joaquim Boura ]
  * cupsys service was renamed to cups

  [ Stefan Lippers-Hollmann ]
  * renamed missing bits'n'pieces.

 -- Stefan Lippers-Hollmann <s.l-h@gmx.de>  Wed, 25 Jun 2008 13:37:55 +0200

install-gui (0.6.39) unstable; urgency=low

  * gui improvements, thx to cleary

 -- Horst Tritremmel <hjt@users.berlios.de>  Fri, 13 Jun 2008 11:23:57 +0200

install-gui (0.6.38) unstable; urgency=low

  * bump standards version to 3.8.0, no changes necessary.

 -- Stefan Lippers-Hollmann <s.l-h@gmx.de>  Sun, 08 Jun 2008 16:07:31 +0200

install-gui (0.6.37) unstable; urgency=low

  * call install-gui through hal-lock. Moved code from popup blockers away
    from callbacks.c into an external callable shell script.
  * use a wrapper to call cfdisk/fdisk so we call mkfs.ext3 or mkswap on the
    newly created partitions

 -- Joaquim Boura <x-un-i@berlios.de>  Mon, 02 Jun 2008 00:19:00 +0200

install-gui (0.6.36) unstable; urgency=low

  * use long names for lvm (/dev/mapper/...)

 -- Horst Tritremmel <hjt@users.berlios.de>  Wed, 28 May 2008 11:18:23 +0200

install-gui (0.6.35) unstable; urgency=low

  * added logging module to disk.py

 -- Horst Tritremmel <hjt@users.berlios.de>  Tue, 27 May 2008 12:43:04 +0200

install-gui (0.6.34) unstable; urgency=low

  * s/install fromiso into USB/live-usbstick installer/

 -- Horst Tritremmel <hjt@users.berlios.de>  Tue, 27 May 2008 09:28:29 +0200

install-gui (0.6.33) unstable; urgency=low

  [ Stefan Lippers-Hollmann ]
  * add x-un-i to uploaders.

  [ Kel Modderman ]
  * Remove all reference to fll_fshelper.
  * Call /etc/init.d/fll-resume start when returning from partitioning tool.

  [ Joaquim Boura ]
  * similar to kde don't allow thunar popup windows when creating/rearranging
    the partitions for the installer.

  [ Horst Tritremmel ]
  * allow lvm partitions added, pls test
  * Abort message added for backend, thx to x-un-i

 -- Horst Tritremmel <hjt@users.berlios.de>  Mon, 26 May 2008 16:35:22 +0200

install-gui (0.6.32) unstable; urgency=low

  * src/callbacks.c:
    - use /etc/init.d/fll-fstab and not fll_fshelper

 -- Kel Modderman <kel@otaku42.de>  Mon, 19 May 2008 11:31:04 +1000

install-gui (0.6.31) unstable; urgency=low

  * don't show /dev/loop0
  * disk.py bug fix

 -- Horst Tritremmel <hjt@users.berlios.de>  Thu, 15 May 2008 10:35:52 +0200

install-gui (0.6.30) unstable; urgency=low

  [ Stefan Lippers-Hollmann ]
  * list python as dependency.

  [ Horst Tritremmel ]
  * another /sys/block/..../device call found and changed

 -- Horst Tritremmel <hjt@users.berlios.de>  Wed, 14 May 2008 16:26:18 +0200

install-gui (0.6.29) unstable; urgency=low

  * allow unformated devices
  * disk.py added
  * udevinfo instead of /sys/block/..../device

 -- Horst Tritremmel <hjt@users.berlios.de>  Wed, 14 May 2008 15:49:48 +0200

install-gui (0.6.28) unstable; urgency=low

  * bad fr translation fixed

 -- Joaquim Boura <x-un-i@berlios.de>  Wed, 30 Apr 2008 19:23:59 +0200

install-gui (0.6.27) unstable; urgency=low

  * get-sidux-binary-gfx text removed from progressbar window

 -- Horst Tritremmel <hjt@users.berlios.de>  Fri, 04 Apr 2008 21:58:51 +0200

install-gui (0.6.26) unstable; urgency=low

  * some fixes in the pt language file. Thanks to Rui Umbelino (VaMPiRiC_CRoW)

 -- Joaquim Boura <x-un-i@berlios.de>  Mon, 31 Mar 2008 00:48:31 +0200

install-gui (0.6.25) unstable; urgency=low

  * callbacks.c:
    - improve the use of udevtrigger, add a note that one day soon a change is
      needed for udevadm

 -- Kel Modderman <kel@otaku42.de>  Mon, 24 Mar 2008 17:18:13 +1000

install-gui (0.6.24) unstable; urgency=low

  * corrected the pt language files. Thanks to Rui Umbelino (VaMPiRiC_CRoW)

 -- Joaquim Boura <x-un-i@berlios.de>  Sun, 09 Mar 2008 17:25:10 +0100

install-gui (0.6.23) unstable; urgency=low

  * remove INSTALL_META from config file
  * HD_AUTO added to REGISTERED in config file

 -- Horst Tritremmel <hjt@users.berlios.de>  Tue, 04 Mar 2008 20:41:52 +0100

install-gui (0.6.22) unstable; urgency=low

  * medianotifierrc path hardcoded to /home/sidux/.kde/...
  * no password check directly in tab
  * label in progressbar updated
  * icon changed to xpm
  * install_from_iso button fixed
  * changed to nyx colors
  * install-gui-forward.png, install-gui-exit.png, install-gui-back.png removed
  * progressbar_info.png, terminal_info.png removed
  * rm medianotifierrc fixed

 -- Horst Tritremmel <hjt@users.berlios.de>  Mon, 03 Mar 2008 12:17:21 +0100

install-gui (0.6.21) unstable; urgency=low

  * /etc/default/fll-locales defines LANG and not LANGUAGE. Modify callbacks.c
    accordingly.

 -- Kel Modderman <kel@otaku42.de>  Mon, 03 Mar 2008 00:05:23 +1000

install-gui (0.6.20) unstable; urgency=low

  * Recommend gparted.

 -- Kel Modderman <kel@otaku42.de>  Fri, 29 Feb 2008 12:05:38 +1000

install-gui (0.6.19) unstable; urgency=low

  * minimal ja font for kde does not support font used on window title so
    changed to plain english (muchan)
  * some more fixes in ja language file. (muchan)

 -- Joaquim Boura <x-un-i@berlios.de>  Wed, 27 Feb 2008 07:07:17 +0100

install-gui (0.6.18) unstable; urgency=low

  * reduce install-gui-title logo

 -- Bernard Gray <bernard.gray@gmail.com>  Mon, 25 Feb 2008 11:54:00 +1100

install-gui (0.6.17) unstable; urgency=low

  * change canvas size for install-gui-title source to correct export size

 -- Bernard Gray <bernard.gray@gmail.com>  Sat, 23 Feb 2008 23:47:14 +1100

install-gui (0.6.16) unstable; urgency=low

  [ Bernard Gray ]
  * add updated svg version of sidux-inst-conf.png icon
  * add updated svg version of install-usb.png icon
  * add updated nyx themed logos (svg and bitmap)
  * cleanup install-gui-title logo

  [ Stefan Lippers-Hollmann ]
  * hook up new svg icons into the create-icons target.
  * generate PNG graphics.

 -- Stefan Lippers-Hollmann <s.l-h@gmx.de>  Fri, 22 Feb 2008 13:11:14 +0100

install-gui (0.6.15) unstable; urgency=low

  * appease lintian and write (C) as © in debian/copyright.

 -- Stefan Lippers-Hollmann <s.l-h@gmx.de>  Wed, 20 Feb 2008 23:03:08 +0100

install-gui (0.6.14) unstable; urgency=low

  * s/install-gui/install-gui.bash in install-gui.menu

 -- Horst Tritremmel <hjt@users.berlios.de>  Tue, 19 Feb 2008 20:14:36 +0100

install-gui (0.6.13) unstable; urgency=low

  * fix typo.

 -- Stefan Lippers-Hollmann <s.l-h@gmx.de>  Mon, 18 Feb 2008 16:02:49 +0100

install-gui (0.6.12) unstable; urgency=low

  [ Bernard Gray ]
  * update install-gui.svg icon to display correctly in kde3/4

  [ Stefan Lippers-Hollmann ]
  * generate PNGs.

 -- Stefan Lippers-Hollmann <s.l-h@gmx.de>  Tue, 12 Feb 2008 22:58:08 +0100

install-gui (0.6.11) unstable; urgency=low

  * firmware install button added

 -- Horst Tritremmel <hjt@users.berlios.de>  Wed, 06 Feb 2008 12:36:57 +0100

install-gui (0.6.10) unstable; urgency=low

  [ Joaquim Boura ]
  * japanese text file. Thks to muchan

  [ Horst Tritremmel ]
  * Firmware Notebookpage added
  * control fixed
  * nonfree script added
  * don't start install-meta

  [ Stefan Lippers-Hollmann ]
  * install "nonfree" to usr/share/install-gui/, it shouldn't be a user
    accessible command.

 -- Stefan Lippers-Hollmann <s.l-h@gmx.de>  Tue, 05 Feb 2008 00:34:15 +0100

install-gui (0.6.9) unstable; urgency=low

  [ Horst Tritremmel ]
  * pixmaps directory fix
  * use new icons from cleary

  [ Stefan Lippers-Hollmann ]
  * fix XDG icon locations, again.

 -- Stefan Lippers-Hollmann <s.l-h@gmx.de>  Wed, 30 Jan 2008 22:09:05 +0100

install-gui (0.6.8) unstable; urgency=low

  * fix broken sidux brand in polish translations.

 -- Stefan Lippers-Hollmann <s.l-h@gmx.de>  Sat, 26 Jan 2008 13:59:39 +0100

install-gui (0.6.7) unstable; urgency=low

  * fix icon reference in XDG desktop file.

 -- Stefan Lippers-Hollmann <s.l-h@gmx.de>  Tue, 22 Jan 2008 17:46:26 +0100

install-gui (0.6.6) unstable; urgency=low

  * remove old icons, not complete yet.
  * add new artwork from the sidux-art team.
  * add create-icons target in debian/rules.
  * create icons.
  * rework debian/copyright to be machine readable.

 -- Stefan Lippers-Hollmann <s.l-h@gmx.de>  Tue, 22 Jan 2008 17:22:31 +0100

install-gui (0.6.5) unstable; urgency=low

  * update to debhelper compat 6.

 -- Stefan Lippers-Hollmann <s.l-h@gmx.de>  Fri, 18 Jan 2008 23:53:25 +0100

install-gui (0.6.4) unstable; urgency=low

  * remove accidentally imported icons from sidux-xdg.

 -- Stefan Lippers-Hollmann <s.l-h@gmx.de>  Mon, 14 Jan 2008 01:35:46 +0100

install-gui (0.6.3) unstable; urgency=low

  * Hostname check added

 -- Horst Tritremmel <hjt@users.berlios.de>  Wed, 09 Jan 2008 20:28:12 +0100

install-gui (0.6.2) unstable; urgency=low

  * ship installer icon, conflict with obsolete sidux-xdg.

 -- Stefan Lippers-Hollmann <s.l-h@gmx.de>  Wed, 09 Jan 2008 03:17:04 +0100

install-gui (0.6.1) unstable; urgency=low

  * don't duplicate *.desktop files.

 -- Stefan Lippers-Hollmann <s.l-h@gmx.de>  Tue, 08 Jan 2008 23:50:02 +0100

install-gui (0.6.0) unstable; urgency=low

  * switch from custom su-me to generic su-to-root, adapt dependencies and
    menu files accordingly.
  * move desktop file into standard XDG hierarchy.

 -- Stefan Lippers-Hollmann <s.l-h@gmx.de>  Tue, 08 Jan 2008 21:05:44 +0100

install-gui (0.5.5) unstable; urgency=low

  * put no usb-devices to Installation-target combobox
  * show only partiton entry in Installation-target combobox if a usb-device
    is selcted in root-partiton combobox

 -- Horst Tritremmel <hjt@users.berlios.de>  Thu, 27 Dec 2007 10:29:38 +0100

install-gui (0.5.4) unstable; urgency=low

  * fixing cut+paste typo in .desktop localisation.

 -- Joaquim Boura <x-un-i@berlios.de>  Wed, 26 Dec 2007 17:18:59 +0100

install-gui (0.5.3) unstable; urgency=low

  * search in treeview1 (mountpoints of other partitions) disabled

 -- Horst Tritremmel <hjt@users.berlios.de>  Wed, 19 Dec 2007 20:46:20 +0100

install-gui (0.5.2) unstable; urgency=low

  * Translation thanks to RoEn

 -- Joaquim Boura <x-un-i@berlios.de>  Tue, 18 Dec 2007 13:23:12 +0100

install-gui (0.5.1) unstable; urgency=low

  [ Joaquim Boura ]
  * fixed missing quotes

  [ Horst Tritremmel ]
  * fixed missing quotes in glade-file
  * dont allow jfs format

 -- Horst Tritremmel <hjt@users.berlios.de>  Fri, 07 Dec 2007 21:19:09 +0100

install-gui (0.5.0) unstable; urgency=low

  [ Horst Tritremmel ]
  * add values from combobox_hd (see gparted) to combobox_installplace

  [ Stefan Lippers-Hollmann ]
  * depend on fll-installer (>= 0.2.1).

 -- Stefan Lippers-Hollmann <s.l-h@gmx.de>  Thu, 06 Dec 2007 10:08:01 +0100

install-gui (0.4.3) unstable; urgency=low

  * fix hints for RaLink cards.

 -- Stefan Lippers-Hollmann <s.l-h@gmx.de>  Mon, 03 Dec 2007 21:59:38 +0100

install-gui (0.4.2) unstable; urgency=low

  [ Stefan Lippers-Hollmann ]
  * update to Standards-Version 3.7.3, no changes necessary.

  [ Horst Tritremmel ]
  * fontsize reworked

 -- Horst Tritremmel <hjt@users.berlios.de>  Mon, 03 Dec 2007 16:01:59 +0100

install-gui (0.4.1) unstable; urgency=low

  * well same code spreaded over different places ...

 -- Joaquim Boura <x-un-i@berlios.de>  Sun, 25 Nov 2007 21:39:44 +0100

install-gui (0.4.0) unstable; urgency=low

  * changed separator into "," in the output of fll_fshelper --install-gui so
    lvm can be handled smoothly.

 -- Joaquim Boura <x-un-i@berlios.de>  Sat, 24 Nov 2007 09:35:18 +0100

install-gui (0.3.21) unstable; urgency=low

  * release notes updated

 -- Horst Tritremmel <hjt@users.berlios.de>  Tue, 20 Nov 2007 17:21:39 +0100

install-gui (0.3.20) unstable; urgency=low

  * COPYING belongs into the upstream source.

 -- Stefan Lippers-Hollmann <s.l-h@gmx.de>  Sat, 10 Nov 2007 14:32:38 +0100

install-gui (0.3.19) unstable; urgency=low

  [ Bernard Gray ]
  * clean up sidux logo source (no upload required)
  * more logo source cleanup.

  [ Horst Tritremmel ]
  * "successful" typo.

 -- Horst Tritremmel <hjt@users.berlios.de>  Mon, 05 Nov 2007 12:04:18 +0100

install-gui (0.3.18) unstable; urgency=low

  [ Joaquim Boura ]
  * Language file pt
  * two bad chars fixed.

  [ Kel Modderman ]
  * Update debian menu section as per new subpolicy.

 -- Kel Modderman <kel@otaku42.de>  Thu, 25 Oct 2007 22:12:04 +1000

install-gui (0.3.17) unstable; urgency=low

  * po files updated

 -- Horst Tritremmel <hjt@users.berlios.de>  Tue, 16 Oct 2007 09:54:27 +0200

install-gui (0.3.16) unstable; urgency=low

  * fix typo, s/Bohdi/Bodhi/.

 -- Stefan Lippers-Hollmann <s.l-h@gmx.de>  Fri, 12 Oct 2007 11:34:00 +0200

install-gui (0.3.15) unstable; urgency=low

  [ Stefan Lippers-Hollmann ]
  * update syntax for Vcs headers in debian/control

  [ Horst Tritremmel ]
  * changed some text colors
  * changed some info text

 -- Horst Tritremmel <hjt@users.berlios.de>  Thu, 11 Oct 2007 10:21:12 +0200

install-gui (0.3.14) unstable; urgency=low

  * hide radiobutton for terminal install

 -- Horst Tritremmel <hjt@users.berlios.de>  Thu, 04 Oct 2007 20:31:46 +0200

install-gui (0.3.13) unstable; urgency=low

  * open end dialog window center
  * code for edit config file rewritten
  * language files uodated

 -- Horst Tritremmel <hjt@users.berlios.de>  Sun, 30 Sep 2007 14:42:24 +0200

install-gui (0.3.12) unstable; urgency=low

  * xfce mousepad editor added to configuration editor var

 -- Horst Tritremmel <hjt@users.berlios.de>  Wed, 19 Sep 2007 10:18:50 +0200

install-gui (0.3.11) unstable; urgency=low

  * real-time password length checker added

 -- Horst Tritremmel <hjt@users.berlios.de>  Fri, 14 Sep 2007 10:59:35 +0200

install-gui (0.3.10) unstable; urgency=low

  * language files updated
  * install fromiso into USB button name changed

 -- Horst Tritremmel <hjt@users.berlios.de>  Thu, 13 Sep 2007 21:43:13 +0200

install-gui (0.3.9) unstable; urgency=low

  [ Stefan Lippers-Hollmann ]
  * add VCS control headers.
  * fix clean target.

  [ Horst Tritremmel ]
  * use realize_window instead of show_window callback
  * add window install_window for edit configuration and radiobutton
    progressbar/terminal installation
  * jump back to user notebook if a error comes
  * infotext for install-usb-gui button added

 -- Stefan Lippers-Hollmann <s.l-h@gmx.de>  Thu, 13 Sep 2007 14:01:55 +0200

install-gui (0.3.8) unstable; urgency=low

  * install-usb-gui button added
  * install-usb-icon added

 -- Horst Tritremmel <hjt@users.berlios.de>  Mon, 10 Sep 2007 21:56:06 +0200

install-gui (0.3.7) unstable; urgency=low

  * depends fll-live-initscripts (>= 1.2.8)

 -- Horst Tritremmel <hjt@users.berlios.de>  Fri, 07 Sep 2007 11:29:29 +0200

install-gui (0.3.6) unstable; urgency=low

  * bugfix for empty rootpart if install button is pressed
  * enable hoover follow in treeview

 -- Horst Tritremmel <hjt@users.berlios.de>  Thu, 06 Sep 2007 21:45:02 +0200

install-gui (0.3.5) unstable; urgency=high

  * very important bugfix for last commit

 -- Horst Tritremmel <hjt@users.berlios.de>  Wed, 05 Sep 2007 09:54:49 +0200

install-gui (0.3.4) unstable; urgency=low

  * Set mountpoint of other partitions now selectable with combobox in
    treeview

 -- Horst Tritremmel <hjt@users.berlios.de>  Tue, 04 Sep 2007 15:18:05 +0200

install-gui (0.3.3) unstable; urgency=low

  * udevtrigger added, update disk name/symlinks after partitioning/
    reformatting.

 -- Horst Tritremmel <hjt@users.berlios.de>  Fri, 31 Aug 2007 12:24:18 +0200

install-gui (0.3.2) unstable; urgency=low

  * hardcoded /home/sidux changed to $HOME

 -- Horst Tritremmel <hjt@users.berlios.de>  Tue, 28 Aug 2007 10:21:41 +0200

install-gui (0.3.1) unstable; urgency=low

  * fll-fshelper is no more, fll-live-initscripts will provide required
    script.

 -- Kel Modderman <kel@otaku42.de>  Fri, 24 Aug 2007 10:56:37 +1000

install-gui (0.3.0) unstable; urgency=low

  [ Horst Tritremmel ]
  * Message Dialog root partition empty added
  * progressbar text changed

  [ Kel Modderman ]
  * Fix SCANPARTITIONS define for fll-fshelper.
  * Depend on fll-fshelper and not rebuildfstab.

  [ Stefan Lippers-Hollmann ]
  * remove rebuildfstab calls.

 -- Stefan Lippers-Hollmann <s.l-h@gmx.de>  Wed, 22 Aug 2007 16:53:51 +0200

install-gui (0.2.23) unstable; urgency=low

  * Harddisc scan bugfix for Start Partitionmanger
  * start sequence between install success window and install-meta changed

 -- Horst Tritremmel <hjt@users.berlios.de>  Mon, 13 Aug 2007 10:21:28 +0200

install-gui (0.2.22) unstable; urgency=low

  * second change of progressbar info text

 -- Horst Tritremmel <hjt@users.berlios.de>  Mon, 30 Jul 2007 10:36:55 +0200

install-gui (0.2.21) unstable; urgency=low

  * progressbar infotext changed

 -- Horst Tritremmel <hjt@users.berlios.de>  Fri, 27 Jul 2007 12:47:44 +0200

install-gui (0.2.20) unstable; urgency=low

  * move to automake1.10.

 -- Stefan Lippers-Hollmann <s.l-h@gmx.de>  Fri, 06 Jul 2007 01:26:45 +0200

install-gui (0.2.19) unstable; urgency=low

  * timezonetext color changed

 -- Horst Tritremmel <hjt@users.berlios.de>  Thu, 05 Jul 2007 12:12:48 +0200

install-gui (0.2.18) unstable; urgency=low

  * switch buttons back to standard gtk2 widgets

 -- Horst Tritremmel <hjt@users.berlios.de>  Wed, 04 Jul 2007 11:21:20 +0200

install-gui (0.2.17) unstable; urgency=low

  [ Bernard Gray ]
  * adjust pixmap size for gaia install-gui-title.png

  [ Horst Tritremmel ]
  * change progressbar color for gaia, using #A4A58B

 -- Horst Tritremmel <hjt@users.berlios.de>  Tue, 03 Jul 2007 10:41:44 +0200

install-gui (0.2.16) unstable; urgency=low

  * update logo for gaia look
  * update hd install for gaia look
  * include sources

 -- Bernard Gray <bernard.gray@gmail.com>  Tue, 03 Jul 2007 09:00:05 +1000

install-gui (0.2.15) unstable; urgency=low

  * show the installation time in end dialog
  * xfs removed, backend does not support it

 -- Horst Tritremmel <hjt@users.berlios.de>  Mon, 02 Jul 2007 10:23:12 +0200

install-gui (0.2.14) unstable; urgency=low

  * hide the "Start sidux-Installer-Script without configuration" radiobutton

 -- Horst Tritremmel <hjt@users.berlios.de>  Tue, 26 Jun 2007 16:43:24 +0200

install-gui (0.2.13) unstable; urgency=low

  * hide the language section

 -- Horst Tritremmel <hjt@users.berlios.de>  Mon, 25 Jun 2007 15:54:54 +0200

install-gui (0.2.12) unstable; urgency=low

  * reactivate bootdisc checkbox

 -- Horst Tritremmel <hjt@users.berlios.de>  Thu, 21 Jun 2007 14:42:12 +0200

install-gui (0.2.11) unstable; urgency=low

  * new fll-locales scan

 -- Horst Tritremmel <hjt@users.berlios.de>  Thu, 21 Jun 2007 14:40:31 +0200

install-gui (0.2.10) unstable; urgency=low

  * add language selection
  * add HD_LANG_COUNTRY

 -- Horst Tritremmel <hjt@users.berlios.de>  Wed, 20 Jun 2007 07:19:53 +1000

install-gui (0.2.9) unstable; urgency=low

  * debian/install-gui.menu: fix path to install-gui bin.

 -- Kel Modderman <kel@otaku42.de>  Mon, 18 Jun 2007 22:55:29 +1000

install-gui (0.2.8) unstable; urgency=low

  * Add debian menu entry. Build-Depend on imagemagick.

 -- Kel Modderman <kel@otaku42.de>  Sat, 16 Jun 2007 00:49:32 +1000

install-gui (0.2.7) unstable; urgency=low

  * Set mountpoint of other partitions bugfix

 -- Horst Tritremmel <hjt@users.berlios.de>  Thu, 14 Jun 2007 22:26:50 +0200

install-gui (0.2.6) unstable; urgency=low

  [ Horst Tritremmel ]
  * add end dialog window and remove it in install-meta
  * install gui starts now install-meta if it is selected
  * hide/show main window if gparted or timezone button clicked

  [ Stefan Lippers-Hollmann ]
  * adapt dependencies appropriately.

 -- Stefan Lippers-Hollmann <s.l-h@gmx.de>  Thu, 14 Jun 2007 16:53:13 +0200

install-gui (0.2.5) unstable; urgency=low

  * add harddisk combobox for partition manager
  * change progressbar color

 -- Horst Tritremmel <hjt@users.berlios.de>  Thu, 14 Jun 2007 10:31:08 +0200

install-gui (0.2.4) unstable; urgency=low

  * check box for partition tool, gparted or cfdisk selectable

 -- Horst Tritremmel <hjt@users.berlios.de>  Tue, 12 Jun 2007 15:00:41 +0200

install-gui (0.2.3) unstable; urgency=low

  * another bugfix for readable comboboxes

 -- Horst Tritremmel <hjt@users.berlios.de>  Tue, 12 Jun 2007 13:45:14 +0200

install-gui (0.2.2) unstable; urgency=low

  * revert back to only readable comboboxes
  * hopefully fixed the usb_device scan

 -- Horst Tritremmel <hjt@users.berlios.de>  Mon, 11 Jun 2007 15:30:23 +0200

install-gui (0.2.1) unstable; urgency=low

  [ Joaquim Boura ]
  * su-me sidux-installer was creating troubles on X we can use directly
    install-gui when called by sudo.

  [ Stefan Lippers-Hollmann ]
  * revert to su-me, the problem is within install-gui which also fails using
    sudo or sux.
  * revert combobox changes instead (r7634).

 -- Stefan Lippers-Hollmann <s.l-h@gmx.de>  Mon, 11 Jun 2007 02:08:55 +0200

install-gui (0.2.0) unstable; urgency=low

  * changed knx-installer to fll-installer.

 -- Horst Tritremmel <hjt@users.berlios.de>  Thu, 07 Jun 2007 21:31:51 +0200

install-gui (0.1.8) unstable; urgency=low

  * comboboxes not editable

 -- Horst Tritremmel <hjt@users.berlios.de>  Wed, 30 May 2007 10:19:06 +0200

install-gui (0.1.7) unstable; urgency=low

  * root partition combobox bug fix

 -- Horst Tritremmel <hjt@users.berlios.de>  Mon, 28 May 2007 21:24:05 +0200

install-gui (0.1.6) unstable; urgency=low

  * install-progressbar now included in install-gui

 -- Horst Tritremmel <hjt@users.berlios.de>  Thu, 24 May 2007 10:08:23 +0200

install-gui (0.1.5) unstable; urgency=low

  [ Horst Tritremmel ]
  * add libqt-perl check for timezone selection

  [ Stefan Lippers-Hollmann ]
  * fix the maintainer mail address.

 -- Stefan Lippers-Hollmann <s.l-h@gmx.de>  Sat, 12 May 2007 00:01:34 +0200

install-gui (0.1.4) unstable; urgency=low

  * new timezone feature
  * update language files

 -- Horst Tritremmel <hjt@users.berlios.de>  Tue, 08 May 2007 22:17:57 +0200

install-gui (0.1.3) unstable; urgency=low

  * symlinks for automake compontens are bad for checkouts, revert to an
    adapted copying on use.

 -- Stefan Lippers-Hollmann <s.l-h@gmx.de>  Tue, 08 May 2007 12:32:35 +0200

install-gui (0.1.2) unstable; urgency=low

  [ Horst Tritremmel ]
  * automount default on
  * remove lilo
  * hr.po fix

  [ Stefan Lippers-Hollmann ]
  * symlinks for config.sub/ config.guess are bad for checkouts, revert to an
    adapted copying on use.

 -- Stefan Lippers-Hollmann <s.l-h@gmx.de>  Tue, 08 May 2007 12:03:06 +0200

install-gui (0.1.1) unstable; urgency=low

  * update ru.po and hr.po

 -- Horst Tritremmel <hjt@users.berlios.de>  Sun, 06 May 2007 20:49:57 +0200

install-gui (0.1.0) unstable; urgency=low

  [ Horst Tritremmel ]
  * update language files

  [ Stefan Lippers-Hollmann ]
  * use automake on build-time to prevent constant changes of auto-generated
    content.

 -- Stefan Lippers-Hollmann <s.l-h@gmx.de>  Sat, 05 May 2007 02:23:15 +0200

install-gui (0.0.53) unstable; urgency=low

  * add checkbox to start cupsys and ssh service

 -- Horst Tritremmel <hjt@users.berlios.de>  Thu, 19 Apr 2007 17:21:49 +0200

install-gui (0.0.52) unstable; urgency=low

  * resize sidux-inst-conf.png to 48x48

 -- Horst Tritremmel <hjt@users.berlios.de>  Tue, 10 Apr 2007 16:15:16 +0200

install-gui (0.0.51) unstable; urgency=low

  * sidux icon smaller
  * new it.po file

 -- Horst Tritremmel <hjt@users.berlios.de>  Mon, 09 Apr 2007 22:23:42 +0200

install-gui (0.0.50) unstable; urgency=low

  [ Joaquim Boura ]
  * moving to xdg-menus

  [ Horst Tritremmel ]
  * add sleep 1 before end
  * add mount partitions on boot

  [ Stefan Lippers-Hollmann ]
  * fix *.desktop location.

 -- Stefan Lippers-Hollmann <s.l-h@gmx.de>  Sat, 31 Mar 2007 04:00:38 +0200

install-gui (0.0.49) unstable; urgency=low

  [ Horst Tritremmel ]
  * start install-progressbar
  * use mkstemp to create inotify file

  [ Stefan Lippers-Hollmann ]
  * add install-progressbar as versioned dependency.

 -- Stefan Lippers-Hollmann <s.l-h@gmx.de>  Sun, 25 Mar 2007 14:44:47 +0200

install-gui (0.0.48) unstable; urgency=low

  * some po file changed
  * disable KDE Autostart for gparted start
  * update rebuildfstab call

 -- Horst Tritremmel <hjt@users.berlios.de>  Thu, 22 Mar 2007 17:35:29 +0100

install-gui (0.0.47) unstable; urgency=low

  * Drop dependency on scanpartitions, it was merged into rebuildfstab.

 -- Kel Modderman <kel@otaku42.de>  Mon, 12 Mar 2007 15:29:41 +1000

install-gui (0.0.46) unstable; urgency=low

  * add ro.po language file
  * ro.po bugfix

 -- Horst Tritremmel <hjt@users.berlios.de>  Wed,  7 Mar 2007 21:20:17 +0100

install-gui (0.0.45) unstable; urgency=low

  * hr.po fix

 -- Horst Tritremmel <hjt@users.berlios.de>  Wed, 21 Feb 2007 10:17:53 +0100

install-gui (0.0.43) unstable; urgency=low

  * add the metapackage message to po files

 -- Horst Tritremmel <hjt@users.berlios.de>  Tue, 20 Feb 2007 21:30:56 +0100

install-gui (0.0.42) unstable; urgency=low

  * new hr.po file, thx to cobra

 -- Horst Tritremmel <hjt@users.berlios.de>  Tue, 20 Feb 2007 09:00:14 +0100

install-gui (0.0.40) unstable; urgency=low

  * search for usbdevices bugfix

 -- Horst Tritremmel <hjt@users.berlios.de>  Fri, 16 Feb 2007 23:49:59 +0100

install-gui (0.0.38) unstable; urgency=low

  * add label_rootpart_warning

 -- Horst Tritremmel <hjt@users.berlios.de>  Fri, 16 Feb 2007 21:06:48 +0100

install-gui (0.0.37) unstable; urgency=low

  * add cathbard button

 -- Horst Tritremmel <hjt@users.berlios.de>  Fri, 16 Feb 2007 10:58:39 +0100

install-gui (0.0.35) unstable; urgency=low

  * don't allow /bin, /sbin, /etc, /lib as mountpoints.
  * put install-gui.desktop to desktop.
  * start gparted with on_gparted_clicked instead of released.

 -- Horst Tritremmel <hjt@users.berlios.de>  Thu, 15 Feb 2007 09:16:08 +0100

install-gui (0.0.33) unstable; urgency=low

  [ Joaquim Boura ]
  * changed config file name in glade document
  * fr fixed thks to LjanA

  [ Horst Tritremmel ]
  * changed config file name

 -- Horst Tritremmel <hjt@users.berlios.de>  Thu,  8 Feb 2007 20:43:24 +0100

install-gui (0.0.32) unstable; urgency=low

  * add a dialog window for no root check

 -- Horst Tritremmel <hjt@users.berlios.de>  Thu,  8 Feb 2007 11:22:25 +0100

install-gui (0.0.31) unstable; urgency=low

  * root user check added

 -- Horst Tritremmel <hjt@users.berlios.de>  Thu,  8 Feb 2007 09:57:36 +0100

install-gui (0.0.29) unstable; urgency=low

  * several localization updates, thanks to x-un-i.

 -- Stefan Lippers-Hollmann <s.l-h@gmx.de>  Wed,  7 Feb 2007 00:03:07 +0100

install-gui (0.0.28) unstable; urgency=low

  * non root bug fix

 -- Horst Tritremmel <hjt@users.berlios.de>  Tue,  6 Feb 2007 23:06:49 +0100

install-gui (0.0.26) unstable; urgency=low

  * add install metapackages

 -- Horst Tritremmel <hjt@users.berlios.de>  Mon,  5 Feb 2007 22:04:41 +0100

install-gui (0.0.25) unstable; urgency=low

  * add usb device check, grub only in partition

 -- Horst Tritremmel <hjt@users.berlios.de>  Sun,  4 Feb 2007 22:04:53 +0100

install-gui (0.0.23) unstable; urgency=low

  * po/sp.po to po/es.sp changed

 -- Horst Tritremmel <hjt@users.berlios.de>  Thu,  1 Feb 2007 14:29:43 +0000

install-gui (0.0.21) unstable; urgency=low

  * desktop symbol changed

 -- Horst Tritremmel <hjt@users.berlios.de>  Wed, 31 Jan 2007 21:23:15 +0100

install-gui (0.0.19) unstable; urgency=low

  * use good name instead of a bad one ;)

 -- Joaquim Boura <x-un-i@berlios.de>  Sat, 27 Jan 2007 23:09:37 +0100

install-gui (0.0.18) unstable; urgency=low

  * add live mode check

 -- Horst Tritremmel <hjt@users.berlios.de>  Thu, 25 Jan 2007 22:45:56 +0000

install-gui (0.0.16) unstable; urgency=low

  * Change name that icon provides to 'sidux-installer' for clarity.

 -- Kel Modderman <kel@otaku42.de>  Thu, 25 Jan 2007 11:10:02 +1000

install-gui (0.0.15) unstable; urgency=low

  * start /usr/sbin/sidux-installer instead of install-gui directly, we need
    to stop kded.

 -- Stefan Lippers-Hollmann <s.l-h@gmx.de>  Wed, 24 Jan 2007 14:22:59 +0100

install-gui (0.0.14) unstable; urgency=low

  * add small sidux-logo

 -- Horst Tritremmel <hjt@users.berlios.de>  Mon, 22 Jan 2007 22:15:13 +0000

install-gui (0.0.13) unstable; urgency=low

  * sidux logo changed

 -- Horst Tritremmel <hjt@users.berlios.de>  Mon, 22 Jan 2007 22:08:57 +0000

install-gui (0.0.12) unstable; urgency=low

  * add password check after left the password page

 -- Horst Tritremmel <hjt@users.berlios.de>  Mon, 22 Jan 2007 16:11:24 +0100

install-gui (0.0.10) unstable; urgency=low

  * add po-files.

 -- Horst Tritremmel <hjt@users.berlios.de>  Mon, 22 Jan 2007 10:01:48 +0100

install-gui (0.0.8) unstable; urgency=low

  * changed and add po language files

 -- Horst Tritremmel <hjt@users.berlios.de>  Sat, 20 Jan 2007 23:44:16 +0100

install-gui (0.0.6) unstable; urgency=low

  * change knx-installer option nonInteractive to installer

 -- Horst Tritremmel <hjt@users.berlios.de>  Fri, 19 Jan 2007 23:17:25 +0000

install-gui (0.0.4) unstable; urgency=low

  * uncomment printf call

 -- Horst Tritremmel <hjt@users.berlios.de>  Fri, 19 Jan 2007 13:15:08 +0100

install-gui (0.0.3) unstable; urgency=low

  * hopefully fixed the passwort crypt problem

 -- Horst Tritremmel <hjt@users.berlios.de>  Fri, 19 Jan 2007 13:08:17 +0100

install-gui (0.0.1) unstable; urgency=low

  [ Joaquim Boura ]
  * Initial release
  * use sidux instead of capitalized one
  * changed the non interactive call of knx-installer

  [ Stefan Lippers-Hollmann ]
  * initial round of debian/* rework.
  * fix serious lintian errors.

 -- Stefan Lippers-Hollmann <s.l-h@gmx.de>  Thu, 18 Jan 2007 23:16:56 +0100

